<?xml version="1.0" encoding="UTF-8"?>

<!--
    This file is part of phpMeccano project.
    Copyright (C) 2015-2016  Alexei Muzarov
    
    This program is free software; you can redistribute it and/or modify
    it under the terms of the GNU General Public License as published by
    the Free Software Foundation; either version 2 of the License, or
    (at your option) any later version.

    This program is distributed in the hope that it will be useful,
    but WITHOUT ANY WARRANTY; without even the implied warranty of
    MERCHANTABILITY or FITNESS FOR A PARTICULAR PURPOSE.  See the
    GNU General Public License for more details.
    
    You should have received a copy of the GNU General Public License along
    with this program; if not, write to the Free Software Foundation, Inc.,
    51 Franklin Street, Fifth Floor, Boston, MA 02110-1301 USA.
    
    e-mail: azexmail@gmail.com
    e-mail: azexmail@mail.ru
    https://bitbucket.org/azexmail/phpmeccano
-->

<metainfo version="0.2">
    <shortname>core</shortname>
    <fullname>phpMeccano web framework</fullname>
    <version>0.1.0</version>
    <about>Framework phpMeccano gives API:
to create and to manage user groups;
to authenticate the user;
to control access to functions through group policy;
to create the multilingual interface;
to copy, to move and to remove local files and folders;
to log events;
to create and to share messages and files between contacts of the users like in simple social network;
to create topics to discuss and to comment them.
System of plugins allows to extend functionality and to add new features.
Current version is still the alpha version.</about>
    <credits>Programmed and designed by Alexei Muzarov</credits>
    <url>https://bitbucket.org/azexmail/phpmeccano</url>
    <email>azexmail@gmail.com</email>
    <license>GNU GPLv2+</license>
</metainfo>
