<?xml version="1.0" encoding="UTF-8"?>

<!--
    This file is part of phpMeccano project.
    Copyright (C) 2015  Alexei Muzarov
    
    This program is free software; you can redistribute it and/or modify
    it under the terms of the GNU General Public License as published by
    the Free Software Foundation; either version 2 of the License, or
    (at your option) any later version.

    This program is distributed in the hope that it will be useful,
    but WITHOUT ANY WARRANTY; without even the implied warranty of
    MERCHANTABILITY or FITNESS FOR A PARTICULAR PURPOSE.  See the
    GNU General Public License for more details.
    
    You should have received a copy of the GNU General Public License along
    with this program; if not, write to the Free Software Foundation, Inc.,
    51 Franklin Street, Fifth Floor, Boston, MA 02110-1301 USA.
    
    e-mail: azexmail@gmail.com
    e-mail: azexmail@mail.ru
    https://bitbucket.org/azexmail/phpmeccano
-->

<metainfo version="0.1">
    <shortname>core</shortname>
    <fullname>phpMeccano web framework</fullname>
    <version>0.0.1</version>
    <about>Framework phpMeccano gives API for creation and management of user groups; user authentication; access control to the functions by using group policy; creation of the multilingual interface; copying, moving and removing of local files and folders; event logging. System of plugins allows to extend functional and add new features. Current version is the first alpha and it is not recommended to use in production.</about>
    <credits>Programmed and designed by Alexei Muzarov</credits>
    <url>https://bitbucket.org/azexmail/phpmeccano</url>
    <email>azexmail@gmail.com</email>
    <license>GNU GPLv2+</license>
</metainfo>
