<?xml version="1.0" encoding="UTF-8"?>

<metainfo version="0.1">
    <shortname>core</shortname>
    <fullname>phpMeccano web framework</fullname>
    <version>0.0.1</version>
    <about>Фреймворк phpMeccano написан на языке программирования PHP и использует систему управления базами данных MySQL/MariaDB. Возможна работа с движками хранения MyISAM и InnoDB. Работа фреймворка протестирована на PHP 5.5.9 и MariaDB 10.0.19. Фреймворк phpMeccano предоставляет API для создания и управления группами пользователей; аутентификации пользователей; контроля доступа к функциям по средствам групповых политик; создания многоязычного интерфейса; операций копирования, перемецения и удаления локальных файлов и папок; ведения журнала событий. Система плагинов позволяет расширять функционал и добавлять новые возможности. Данная конкретная версия является первой альфа-версией и не рекомендована к использованию в серьезных рабочих проектах.</about>
    <credits>Programmed by Alexei Muzarov</credits>
    <url>https://bitbucket.org/azexmail/phpmeccano</url>
    <email>azexmail@gmail.com</email>
    <license>GNU GPLv2+</license>
</metainfo>
